Sylvia,Tate,27,volutpat.nunc.sit@sollicitudin.co.uk
Azalia,Hubbard,24,posuere.vulputate@quisdiamluctus.com
Olga,Weeks,27,dui.augue@diamatpretium.org
Sonya,Hanson,23,tempor.diam@nonmassa.ca
Allistair,Charles,28,Cum.sociis.natoque@pharetraQuisque.org
Dana,Eaton,25,dui.nec@lectus.ca
Janna,Hanson,29,adipiscing.fringilla@elit.com
Mannix,Oneal,23,orci.adipiscing@acmieleifend.co.uk
Iola,Phillips,29,Donec.non.justo@ligulaAenean.net
Bruce,Drake,30,nulla.Cras@Nullam.org
Kirby,Cain,22,sem.magna.nec@tellusNunc.org
Kermit,Foreman,20,parturient.montes@pede.org
Conan,Evans,24,aliquet@egestasa.ca
Phoebe,Rodriguez,25,vulputate.nisi.sem@ligula.ca
Kitra,Good,28,Nam.ligula.elit@justoeu.co.uk
Kyle,Rosario,20,dis.parturient@odioNam.co.uk
Marshall,Byers,24,erat@quisdiamluctus.com
Patience,Garza,30,consectetuer.mauris@inlobortis.edu
Allistair,Carter,21,aliquet@luctussit.org
Magee,Watson,30,vulputate.ullamcorper.magna@fermentum.edu
Dieter,Lewis,22,Nullam.lobortis.quam@Nam.com
Kiara,Blackburn,25,elit@imperdiet.net
Imogene,Kaufman,29,ipsum@tempusmauris.net
Barclay,Clements,20,non.quam.Pellentesque@Morbivehicula.ca
Melvin,Cobb,20,semper@estacfacilisis.co.uk
Arthur,Hickman,23,Suspendisse.non@ligulaAenean.org
Aretha,Kemp,27,ut.erat@Aliquameratvolutpat.co.uk
Veda,Molina,24,odio.semper@scelerisque.com
Chastity,Sutton,26,non.hendrerit@Crasdictum.net
Ruth,Stephenson,27,Sed.id.risus@senectusetnetus.ca
Daria,Knowles,20,faucibus.id@posuereenim.co.uk
Samuel,Myers,21,Ut.tincidunt.orci@vitae.edu
Justin,Hoffman,29,a.malesuada.id@montesnasceturridiculus.net
Justin,Kelly,29,mattis@fringillapurusmauris.com
Meghan,Best,26,enim.nisl@ridiculus.edu
Felix,Mcintosh,23,eget@tincidunt.org
Rylee,Parrish,26,Duis.sit@morbitristique.com
Sacha,Thompson,28,Cras.interdum.Nunc@eu.co.uk
Clarke,Willis,26,ut@sodaleseliterat.org
Urielle,Ferrell,21,eu.tellus@purusDuis.co.uk
Tara,Norton,23,vestibulum.massa@enim.edu
Yuri,Lloyd,23,mattis.velit.justo@consectetuer.co.uk
Cameron,Allison,29,semper.dui.lectus@liberoest.co.uk
Whitney,William,21,id.erat@urnaNullamlobortis.net
Mannix,Joyce,21,magna.Lorem.ipsum@ipsum.net
Mannix,Cabrera,20,arcu.Curabitur@nuncullamcorpereu.ca
Nolan,Sheppard,28,ante.iaculis@quis.com
Alisa,Potts,24,Nullam.lobortis@dis.org
Vera,Wolf,22,nonummy.ac@enimEtiam.edu
Nora,Sanchez,29,sodales.purus.in@nonfeugiatnec.co.uk
Daquan,Armstrong,28,ligula.Aenean@dolor.co.uk
Cecilia,Browning,29,mi.pede.nonummy@interdumlibero.co.uk
Justin,Moran,21,rutrum.magna.Cras@etmalesuada.co.uk
Zenia,Chen,30,eros.turpis@vestibulum.org
Carter,Crawford,27,Nulla.semper@acfacilisisfacilisis.com
Aaron,Atkinson,28,parturient.montes@primisin.net
Buffy,Curry,24,metus.vitae.velit@sodaleseliterat.net
Alvin,Patel,26,purus.ac.tellus@sempertellus.ca
Sasha,Allen,30,senectus.et@ultrices.co.uk
Shelby,Hays,23,dolor.nonummy.ac@Donecest.org
Otto,Chapman,28,turpis@arcu.edu
Nyssa,Gross,26,et.euismod@necleoMorbi.edu
Finn,Hensley,29,at.pede@laciniamattisInteger.com
Sierra,Kidd,20,mauris@malesuadamalesuadaInteger.com
Benedict,Christian,28,tortor@egestasurna.ca
Basil,Lawson,25,dapibus@vestibulumMaurismagna.ca
Oliver,Paul,20,Donec.felis.orci@urnaconvalliserat.com
Lane,Solomon,29,porttitor.vulputate.posuere@nuncid.ca
Robert,Marks,26,Suspendisse.sed@Duisdignissimtempor.org
Mallory,Rosales,21,Pellentesque@posuerevulputatelacus.co.uk
Ifeoma,Swanson,21,ut.lacus@duiCumsociis.ca
Eric,Delgado,25,malesuada.vel.venenatis@malesuadafamesac.ca
Kimberley,Garza,25,ipsum.leo@ipsum.co.uk
Flynn,Mills,21,leo@acfeugiat.co.uk
Vielka,Miles,30,ut.aliquam.iaculis@Morbiquisurna.net
Carlos,Bowen,26,at@ridiculus.com
John,Leach,23,at.auctor.ullamcorper@vitaeeratvel.com
Lilah,Watts,30,eget.massa@Maurisblandit.co.uk
Lana,Puckett,22,ipsum@bibendumullamcorperDuis.com
Gil,Knapp,26,est.mauris.rhoncus@nibh.net
Addison,Saunders,25,tempus@euplacerat.co.uk
Sonya,Peters,29,Suspendisse.aliquet.molestie@nonluctussit.com
Clementine,Morse,21,Integer@parturientmontesnascetur.com
Kirsten,Johns,24,Aliquam@purus.ca
Joel,Copeland,29,pharetra@urnaVivamus.net
Buckminster,Hendrix,27,diam.Proin@semper.org
Leroy,Pace,24,Quisque.varius@justonecante.co.uk
Germane,Valencia,20,tristique.aliquet@Duisat.edu
Kai,Elliott,22,odio@etmalesuada.net
Ulysses,Hancock,20,vestibulum@libero.com
Gabriel,Holden,24,pede.Praesent.eu@Proin.edu
Alec,Lawrence,21,lobortis.augue@fermentumarcu.ca
Justine,Ferguson,27,purus.accumsan.interdum@nonbibendumsed.org
Ila,Jensen,29,Fusce@elit.net
Theodore,Mercado,28,vitae.erat.Vivamus@dolor.com
Violet,Andrews,20,est.ac.mattis@augueSedmolestie.edu
Orli,Rodgers,20,lacus.Cras.interdum@Nullaaliquet.co.uk
Ivory,Caldwell,24,augue.eu.tellus@ultricesVivamusrhoncus.com
Vincent,Kennedy,27,sem.egestas.blandit@ipsumPhasellusvitae.ca
Cain,Rosario,21,eleifend@lacus.ca